,customer_id,1,predictions
0,2550-QHZGP,0.08146362329180104,0
1,8690-UPCZI,0.059202025600045206,0
2,7872-BAAZR,0.010833652517106293,0
3,2577-GVSIL,0.08654276542524648,0
4,2937-FTHUR,0.24542628306125444,0
5,7130-CTCUS,0.2880506789127824,0
6,4425-OWHWB,0.06513258759884756,0
7,6023-YEBUP,0.7437430869614996,1
8,0052-DCKON,0.05932572798246199,0
9,6339-YPSAH,0.707165851455622,1
10,9097-ZUBYC,0.1920699300071527,0
11,0468-YRPXN,0.4582906157452725,0
12,1816-FLZDK,0.38243212817760386,0
13,9926-PJHDQ,0.014246400335324028,0
14,4486-EFAEB,0.21978382676731698,0
15,0247-SLUJI,0.149537947341928,0
16,8262-COGGB,0.28921206771476576,0
17,4568-KNYWR,0.03298812463182459,0
18,3910-MRQOY,0.0032691581778797724,0
19,6849-WLEYG,0.16586275003051834,0
20,7771-ZONAT,0.04513928283805688,0
21,5216-WASFJ,0.5211190881126397,1
22,1898-JSNDC,0.09680986532149344,0
23,0484-FFVBJ,0.11725501965339678,0
24,1818-ESQMW,0.5817812310067005,1
25,2100-BDNSN,0.23851623328237542,0
26,0137-UDEUO,0.17457694251590472,0
27,8990-ZXLSU,0.5716601355902295,1
28,9933-QRGTX,0.09135848932812039,0
29,9447-YPTBX,0.023980216735315113,0
30,0679-TDGAK,0.048649579306048456,0
31,4537-CIBHB,0.06123220139810041,0
32,2143-LJULT,0.006869958762131129,0
33,2843-CQMEG,0.35640790338069517,0
34,1833-VGRUM,0.7552479777493272,1
35,2027-FECZV,0.6877734937303283,1
36,0661-XEYAN,0.5284176789506724,1
37,4903-UYAVB,0.14959154700680874,0
38,5976-JCJRH,0.6743714619465119,1
39,3633-CDBUW,0.1371652025529589,0
40,7503-EPSZW,0.010264594397650277,0
41,7730-IUTDZ,0.46003698999793724,0
42,1730-ZMAME,0.5441041279153286,1
43,6794-HKIAJ,0.14535997342809096,0
44,8035-PWSEV,0.7258338828059435,1
45,8859-DZTGQ,0.018599256580793706,0
46,6181-AXXYF,0.002891914203865371,0
47,9412-GHEEC,0.25024102650325397,0
48,7434-SHXLS,0.18358499957289304,0
49,2178-PMGCJ,0.6185276277488101,1
50,0980-FEXWF,0.09640580224979166,0
51,9220-CXRSC,0.008680092402385393,0
52,2230-XTUWL,0.009271598056725866,0
53,3915-ODIYG,0.08012492972473945,0
54,8837-VVWLQ,0.5791464357649007,1
55,8773-HHUOZ,0.37766229224618364,0
56,6437-UKHMV,0.7196940013861782,1
57,3748-FVMZZ,0.5054660777072775,1
58,6701-YVNQG,0.016080924912940806,0
59,5119-KEPFY,0.37643268242638256,0
60,1496-GGSUK,0.5284176789506724,1
61,5469-NUJUR,0.050028933133083174,0
62,1023-BQXZE,0.02843529400785291,0
63,6818-WOBHJ,0.18463053717075947,0
64,9850-OWRHQ,0.6239838383485942,1
65,1840-BIUOG,0.22882780034166011,0
66,6016-NXBNJ,0.06370962417251037,0
67,6993-OHLXR,0.6231938463144493,1
68,4818-QIUFN,0.6328792598493372,1
69,5168-MQQCA,0.08671833034459711,0
70,5119-NZPTV,0.5939055325978229,1
71,1834-WULEG,0.039561414444688296,0
72,1767-TGTKO,0.4141852489825267,0
73,6292-TOSSS,0.0072260095959963185,0
74,0428-IKYCP,0.4810791938764935,0
75,7314-OXENN,0.7495395153906804,1
76,3249-ZPQRG,0.6086976884850802,1
77,2081-KJSQF,0.28921206771476576,0
78,1406-PUQVY,0.49770028183344206,0
79,1803-BGNBD,0.44441159402099084,0
80,0187-QSXOE,0.6942261464059508,1
81,2040-OBMLJ,0.1724922323488117,0
82,0118-JPNOY,0.4811843931395623,0
83,7570-WELNY,0.04841442872956466,0
84,4988-IQIGL,0.7552479777493272,1
85,7781-HVGMK,0.014246400335324028,0
86,6340-DACFT,0.0056591820957828335,0
87,1548-ARAGG,0.44420350950658766,0
88,8670-ERCJH,0.027359746285164032,0
89,7033-CLAMM,0.006014704437458904,0
90,0678-RLHVP,0.07224535877067445,0
91,8784-CGILN,0.5423591698561959,1
92,3995-WFCSM,0.3752215386485434,0
93,8019-ENHXU,0.43719760512814637,0
94,6345-HOVES,0.2085897605187424,0
95,3874-EQOEP,0.5865965141387315,1
96,7880-XSOJX,0.3609678318929658,0
97,0004-TLHLJ,0.737859427344095,1
98,8597-CWYHH,0.18246304747614395,0
99,3012-VFFMN,0.12762913765544268,0
100,7409-JURKQ,0.1452730066599644,0
101,4678-DVQEO,0.5284176789506724,1
102,8617-ENBDS,0.6523725941375926,1
103,1323-OOEPC,0.26392952086449256,0
104,8166-ORCHU,0.3266705939944939,0
105,4443-EMBNA,0.003370541839754583,0
106,2947-DOMLJ,0.353833655280027,0
107,1608-GMEWB,0.34129924276876794,0
108,2446-ZKVAF,0.17376335649344188,0
109,6873-UDNLD,0.1578511936584022,0
110,1866-DIOQZ,0.019269489609979935,0
111,8317-BVKSO,0.21457438550804797,0
112,8382-SHQEH,0.6876829952792901,1
113,9867-NNXLC,0.1761415106028747,0
114,2692-BUCFV,0.4582906157452725,0
115,2003-CKLOR,0.18877226495526617,0
116,6032-IGALN,0.5284176789506724,1
117,7860-UXCRM,0.010413864295590488,0
118,7218-HKQFK,0.7257500171926281,1
119,6302-JGYRJ,0.1577581330746035,0
120,1666-JZPZT,0.21824065720441146,0
121,1619-YWUBB,0.006664018789240843,0
122,5982-XMDEX,0.004575483548090814,0
123,7881-EVUAD,0.5207756877023825,1
124,8164-OCKUJ,0.006636218645342175,0
125,5159-YFPKQ,0.7495395153906804,1
126,3354-OADJP,0.13281548667451945,0
127,4484-GLZOU,0.3637856938140146,0
128,3372-CDXFJ,0.03596794712608496,0
129,5529-GIBVH,0.01219020525724681,0
130,2907-ILJBN,0.057802635932323876,0
131,4282-MSACW,0.10824291224712243,0
132,5208-HFSBT,0.41268422773780655,0
133,4647-MUZON,0.5117107348855005,1
134,3916-NRPAP,0.5091123655381127,1
135,5176-OLSKT,0.010738910304905385,0
136,5981-ZVXOT,0.34038578125398955,0
137,3926-CUQZX,0.42013062772604703,0
138,3318-OSATS,0.5212242485101141,1
139,1550-LOAHA,0.2738496736989168,0
140,4472-VESGY,0.15303088488544792,0
141,0212-ISBBF,0.3705859700718886,0
142,1699-TLDLZ,0.024341793336397674,0
143,3677-IYRBF,0.5207756877023825,1
144,5219-YIPTK,0.505810038163813,1
145,4322-RCYMT,0.03331684348852244,0
146,5130-IEKQT,0.4497561821257587,0
147,0623-EJQEG,0.10211995556430968,0
148,8063-GBATB,0.5817812310067005,1
149,0847-HGRML,0.004436155954777609,0
150,1384-RCUXW,0.6608668914680422,1
151,3253-HKOKL,0.1169621688629183,0
152,3913-FCUUW,0.014246400335324028,0
153,5950-AAAGJ,0.395754300722453,0
154,6402-SSEJG,0.12333867903215541,0
155,1333-PBMXB,0.018857317802206265,0
156,1910-FMXJM,0.3403537702306587,0
157,6576-FBXOJ,0.1371652025529589,0
158,4482-FTFFX,0.35393000751660103,0
159,9364-YKUVW,0.20945527296242492,0
160,8711-LOBKY,0.006636218645342175,0
161,9350-VLHMB,0.171130802056667,0
162,3003-CMDUU,0.5666958852316744,1
163,2668-TZSPS,0.18358499957289304,0
164,4831-EOBFE,0.26771596972404904,0
165,2999-AANRQ,0.04647859995259037,0
166,1919-RTPQD,0.28718840316862937,0
167,5419-JPRRN,0.7552479777493272,1
168,0114-PEGZZ,0.3901224238034798,0
169,5176-LMJXE,0.021842218723650525,0
170,9025-AOMKI,0.6312438056155439,1
171,0362-RAOQO,0.00979161647471189,0
172,0463-TXOAK,0.006017224296461778,0
173,4114-QMKVN,0.02677553456021169,0
174,1942-OQFRW,0.38243212817760386,0
175,7274-RTAPZ,0.7552479777493272,1
176,1964-SVLEA,0.09726856883251729,0
177,7251-LJBQN,0.22255828419398083,0
178,8174-TBVCF,0.01707991804342066,0
179,3729-OWRVL,0.0888805436367653,0
180,3597-MVHJT,0.4735395668120358,0
181,5797-APWZC,0.6303618507052001,1
182,5651-CRHKQ,0.19711017442501513,0
183,7233-DRTRF,0.28986486108193205,0
184,0744-BIKKF,0.010111201780875784,0
185,4703-MQYKT,0.026645019411963903,0
186,1642-HMARX,0.027778847372085178,0
187,1928-BXYIV,0.38243212817760386,0
188,9231-ZJYAM,0.737859427344095,1
189,6030-REHUX,0.5439995963801953,1
190,4418-LZMSV,0.17814508898285716,0
191,8337-MSSXB,0.6744639916794086,1
192,3373-DIUUN,0.01598617475961493,0
193,1573-LGXBA,0.1173538648958674,0
194,0774-IFUVM,0.2942878692020096,0
195,3923-CSIHK,0.37808483751894345,0
196,9495-REDIY,0.12706322196325082,0
197,4213-HKBJO,0.012105813572795224,0
198,7180-PISOG,0.7069912932025055,1
199,6810-VCAEX,0.04430433064809193,0
200,6647-ZEDXT,0.1769101246203915,0
201,0680-DFNNY,0.6398723612438336,1
202,6233-HXJMX,0.34129924276876794,0
203,8075-GXIUB,0.04552355050659338,0
204,2615-YVMYX,0.2421033648346327,0
205,8314-DPQHL,0.1868053826284574,0
206,9650-VBUOG,0.008153767642712978,0
207,5311-IHLEI,0.34089527415804705,0
208,6175-IRFIT,0.6013752408185491,1
209,6797-UCJHZ,0.05932572798246199,0
210,0277-ORXQS,0.009507917932459361,0
211,1360-XFJMR,0.09964588036555914,0
212,3946-JEWRQ,0.1696216599167277,0
213,5035-PGZXH,0.21331252938134782,0
214,8020-BWHYL,0.5650718290898085,1
215,0580-PIQHM,0.17836753403211977,0
216,9481-SFCQY,0.30078031013051243,0
217,0980-PVMRC,0.20961338632603418,0
218,8060-HIWJJ,0.012883928678049862,0
219,9441-QHEVC,0.18358499957289304,0
220,5609-IMCGG,0.5650718290898085,1
221,7703-ZEKEF,0.6112716546011756,1
222,3162-KKZXO,0.21849985781523298,0
223,5816-JMLGY,0.01513318039717492,0
224,2692-PFYTJ,0.28921206771476576,0
225,3143-ILDAL,0.363883229951287,0
226,2347-WKKAE,0.43719760512814637,0
227,1205-WNWPJ,0.48249141537434315,0
228,7317-GGVPB,0.04435081076971803,0
229,0619-OLYUR,0.04307003804490218,0
230,9210-IAHGH,0.37610974341512493,0
231,9853-JFZDU,0.16191030420887537,0
232,0621-CXBKL,0.0101637333076994,0
233,0137-OCGAB,0.7552479777493272,1
234,4983-CCWMC,0.7437430869614996,1
235,1493-AMTIE,0.20829319870319102,0
236,3589-PPVKW,0.4672100212287037,0
237,6360-SVNWV,0.4431193997162766,0
238,1038-ZAGBI,0.0370457011342923,0
239,0233-FTHAV,0.13427537958916527,0
240,1660-HSOOQ,0.5284176789506724,1
241,2055-BFOCC,0.04345500441530424,0
242,5676-CFLYY,0.014683197039225746,0
243,7401-RUBNK,0.4724905340795555,0
244,3428-XZMAZ,0.7552479777493272,1
245,7629-WIXZF,0.306488721151222,0
246,3721-CNZHX,0.06490237570805754,0
247,7641-TQFHN,0.09563506814198067,0
248,8722-NGNBH,0.35393000751660103,0
249,9067-SQTNS,0.01422508978395812,0
250,3970-XGJDU,0.009035677614908389,0
251,6127-IYJOZ,0.5284176789506724,1
252,0308-GIQJT,0.05766148178697845,0
253,0378-NHQXU,0.44954761998488757,0
254,8580-AECUZ,0.7552479777493272,1
255,5213-TWWJU,0.4271266635681597,0
256,4369-HTUIF,0.6312438056155439,1
257,8878-HMWBV,0.5131239608735689,1
258,9375-MHRRS,0.34695489986739847,0
259,9575-IWCAZ,0.07481505718209622,0
260,3719-TDVQB,0.015683819451456162,0
261,8413-YNHNV,0.017023507498039443,0
262,8777-MBMTS,0.05282979058172812,0
263,1028-FFNJK,0.5287605584770767,1
264,3500-RMZLT,0.6677003752025552,1
265,7766-CLTIC,0.4595905392374051,0
266,3148-AOIQT,0.006464212073036411,0
267,7113-HIPFI,0.014628508907665502,0
268,4065-JJAVA,0.38243212817760386,0
269,1075-BGWOH,0.6327813456495335,1
270,5062-CJJKH,0.09910835420542907,0
271,8755-OGKNA,0.0045716466029872265,0
272,7129-ACFOG,0.4978056289900548,0
273,0431-APWVY,0.2443287885158729,0
274,4822-YCXMX,0.5966137221068775,1
275,2001-MCUUW,0.08800826796883776,0
276,9805-FILKB,0.023970355843527757,0
277,9589-ABEPT,0.07090013260881596,0
278,0843-WTBXE,0.18307032929020017,0
279,4274-OWWYO,0.7552479777493272,1
280,5038-ETMLM,0.04307003804490218,0
281,6586-MYGKD,0.01707991804342066,0
282,8714-CTZJW,0.6453913079936869,1
283,9297-FVVDH,0.034183499615875995,0
284,6137-NICCO,0.6742789186145142,1
285,1927-QEWMY,0.0032691581778797724,0
286,0946-CLJTI,0.3223862971173736,0
287,6171-ZTVYB,0.08905284502573244,0
288,4877-TSOFF,0.04882515184241385,0
289,4813-HQMGZ,0.6876829952792901,1
290,0197-PNKNK,0.048407860584731933,0
291,9992-UJOEL,0.5207756877023825,1
292,2956-GGUCQ,0.5742043236924756,1
293,2969-WGHQO,0.16035322618602524,0
294,9013-AQORL,0.07738146769375628,0
295,3572-UOLYZ,0.30764661717942193,0
296,0567-GGCAC,0.3400449043486241,0
297,1042-HFUCW,0.12706322196325082,0
298,5090-EMGTC,0.09393425848702765,0
299,3351-NQLDI,0.08914189239786817,0
300,9498-FIMXL,0.1346754860369268,0
301,3345-PBBFH,0.34080059860176903,0
302,3716-BDVDB,0.7552479777493272,1
303,4116-TZAQJ,0.6095993205612488,1
304,0196-VULGZ,0.7006918796814581,1
305,2754-VDLTR,0.5336970140928688,1
306,2737-WFVYW,0.5207756877023825,1
307,1134-YWTYF,0.30876279434699766,0
308,3647-GMGDH,0.4810791938764935,0
309,6729-FZWSY,0.024888229121835623,0
310,7274-CGTOD,0.024494902235339133,0
311,7595-EHCDL,0.10801518680858856,0
312,6331-EWIEB,0.6328792598493372,1
313,4896-CPRPF,0.008931849538121114,0
314,5242-UOWHD,0.010155257932719335,0
315,1929-ZCBHE,0.05308519036215378,0
316,6549-BTYPG,0.012878570477399215,0
317,2167-FQSTQ,0.024653369392459837,0
318,1389-CXMLU,0.6159715227605218,1
319,2675-IJRGJ,0.006595539919671215,0
320,6839-ITVZJ,0.2894083468860392,0
321,6000-UKLWI,0.014614754900926336,0
322,7089-IVVAZ,0.6168669440059341,1
323,2397-BRLOM,0.557318525796831,1
324,5562-BETPV,0.07693397584552637,0
325,6615-NGGZJ,0.6744639916794086,1
326,8992-OBVDG,0.25122450308111516,0
327,0487-VVUVK,0.13231723797268863,0
328,5055-BRMNE,0.024996324990973005,0
329,0505-SPOOW,0.0034750586662800824,0
330,6625-IUTTT,0.011765655731169012,0
331,1930-BZLHI,0.09461091670407232,0
332,4576-CSAJH,0.1528710840942038,0
333,4750-UKWJK,0.030327635594089738,0
334,7382-DFJTU,0.1921353305095651,0
335,1167-OYZJF,0.006869958762131129,0
336,1600-DILPE,0.34089527415804705,0
337,9522-BNTHX,0.2895816992604956,0
338,5565-FILXA,0.6608668914680422,1
339,5696-QURRL,0.5284176789506724,1
340,4692-NNQRU,0.279166294132448,0
341,3258-SANFR,0.25569188848659546,0
342,9779-DPNEJ,0.5590528184980423,1
343,6621-NRZAK,0.0038067857265837416,0
344,0623-IIHUG,0.3777613397891268,0
345,0578-SKVMF,0.4119978986650209,0
346,9359-JANWS,0.011069374461205376,0
347,3470-BTGQO,0.2288026414571022,0
348,8203-XJZRC,0.18358499957289304,0
349,0719-SYFRB,0.44441159402099084,0
350,4415-IJZTP,0.7552479777493272,1
351,2612-RANWT,0.5875145618147404,1
352,2138-VFAPZ,0.045799484896340545,0
353,0864-FVJNJ,0.08399764508987438,0
354,3315-TOTBP,0.6677003752025552,1
355,0463-WZZKO,0.19836734595338087,0
356,9076-AXYIK,0.046852671895531287,0
357,0815-MFZGM,0.10141311748364894,0
358,1552-TKMXS,0.03531072005537353,0
359,4816-JBHOV,0.5207756877023825,1
360,7767-UXAGJ,0.5284176789506724,1
361,6253-WRFHY,0.22331917624925768,0
362,3452-SRFEG,0.3143025157802669,0
363,5175-WLYXL,0.6185276277488101,1
364,6778-YSNIH,0.5207756877023825,1
365,6635-MYYYZ,0.07239754807925887,0
366,2632-IVXVF,0.02426028654774693,0
367,8780-RSYYU,0.1119804195871736,0
368,9715-SBVSU,0.07873758797662529,0
369,7785-RDVIG,0.14191010794826855,0
370,5499-ECUTN,0.06905362810179493,0
371,0397-GZBBC,0.22978951328696065,0
372,0178-CIIKR,0.17457694251590472,0
373,1852-XEMDW,0.24550433090557824,0
374,1813-JLKWR,0.007757748000861946,0
375,0021-IKXGC,0.7552479777493272,1
376,5092-STPKP,0.16519784783244496,0
377,8295-FHIVV,0.2529254430296917,0
378,5201-FRKKS,0.34576972067330825,0
379,8645-KOMJQ,0.015596735721393445,0
380,7018-FPXHH,0.023053402896147504,0
381,0970-QXPXW,0.18358499957289304,0
382,4072-IPYLT,0.09676056396478411,0
383,6918-UMQCG,0.6013752408185491,1
384,2080-SRCDE,0.16586275003051834,0
385,7598-UAASY,0.5939055325978229,1
386,0125-LZQXK,0.6677003752025552,1
387,4503-BDXBD,0.5565920268646882,1
388,4334-HOWRP,0.016080924912940806,0
389,7271-AJDTL,0.25219696771308586,0
390,4597-ELFTS,0.019376676363094248,0
391,0134-XWXCE,0.04836390541994992,0
392,5970-GHJAW,0.006392417894012546,0
393,3696-DFHHB,0.004175299792130985,0
394,9306-CPCBC,0.7437430869614996,1
395,0831-JNISG,0.004603761090242834,0
396,8665-UTDHZ,0.3262440232353189,0
397,4581-SSPWD,0.7437430869614996,1
398,9415-DPEWS,0.6469991051793643,1
399,6141-OOXUQ,0.18358499957289304,0
400,5176-LDKUH,0.16070902285805266,0
401,8952-WCVCD,0.19711017442501513,0
402,9137-UIYPG,0.4598276444697626,0
403,6979-ZNSFF,0.7134708985931013,1
404,3486-NPGST,0.03518678712358853,0
405,9670-BPNXF,0.08188246728775718,0
406,2507-QZPQS,0.5261689053497143,1
407,8591-TKMZH,0.0839761945509699,0
408,7266-GSSJX,0.18975149576943087,0
409,5673-FSSMF,0.5284176789506724,1
410,5524-KHNJP,0.05273279994782513,0
411,3745-HRPHI,0.009507917932459361,0
412,1480-IVEVR,0.22783117208816014,0
413,0654-PQKDW,0.039774147753871454,0
414,3298-QEICA,0.052530073137643477,0
415,9481-IEBZY,0.16688656259981244,0
416,0056-EPFBG,0.06639196805687118,0
417,0248-PGHBZ,0.056004110417813266,0
418,1810-BOHSY,0.15304936548984913,0
419,3588-WSTTJ,0.5212242485101141,1
420,8311-UEUAB,0.02539059326489741,0
421,2903-YYTBW,0.3262440232353189,0
422,9753-OYLBX,0.18358499957289304,0
423,6350-XFYGW,0.737859427344095,1
424,6080-LNESI,0.010799168119010605,0
425,2824-MYYBN,0.444647311594874,0
426,5188-HGMLP,0.1612011957850019,0
427,7619-ODSGN,0.19309791029454124,0
428,4396-KLSEH,0.27068655685389975,0
429,9979-RGMZT,0.5489479047621837,1
430,4220-TINQT,0.302640584744785,0
431,2373-NTKOD,0.4748448291379398,0
432,7205-BAIAD,0.017578260934199605,0
433,7252-NTGSS,0.38243212817760386,0
434,1099-GODLO,0.038005540884934796,0
435,9782-LGXMC,0.06710065225840756,0
436,8885-QSQBX,0.2859229895687299,0
437,4510-HIMLV,0.7552479777493272,1
438,4057-FKCZK,0.032674884465043706,0
439,5712-AHQNN,0.46003698999793724,0
440,4554-YGZIH,0.18300731541171164,0
441,5222-IMUKT,0.39743720842898206,0
442,5060-TQUQN,0.3908231541947117,0
443,2672-HUYVI,0.7258338828059435,1
444,0082-OQIQY,0.5667993570885291,1
445,4939-KYYPY,0.21824065720441146,0
446,1045-LTCYT,0.08403389081448105,0
447,3717-LNXKW,0.23884284424244787,0
448,9140-CZQZZ,0.018139827326868817,0
449,1678-FYZOW,0.7437430869614996,1
450,2400-FEQME,0.007495090645637776,0
451,7493-TPUWZ,0.7552479777493272,1
452,8421-WZOOW,0.21905071244866953,0
453,6578-KRMAW,0.4355716069025258,0
454,8059-UDZFY,0.39824348190095016,0
455,5949-EBSQK,0.2221499702083381,0
456,7876-BEUTG,0.4218448262038546,0
457,8676-OOQEJ,0.3609678318929658,0
458,3587-PMCOY,0.5260993906288564,1
459,0230-WEQUW,0.019264221115034032,0
460,5136-RGMZO,0.30885273968219107,0
461,1022-RKXDR,0.05358325690834853,0
462,7696-AMHOD,0.0329701386613748,0
463,8495-PRWFH,0.14987403017037962,0
464,3692-JHONH,0.2132418231465139,0
465,2085-BOJKI,0.3387142235942023,0
466,1456-TWCGB,0.3609678318929658,0
467,9885-MFVSU,0.04297868238032612,0
468,2072-ZVJJX,0.003693879268402813,0
469,8747-UDCOI,0.004048108597650966,0
470,9225-BZLNZ,0.024653369392459837,0
471,0415-MOSGF,0.38243212817760386,0
472,3138-BKYAV,0.7258338828059435,1
473,3272-VUHPV,0.2016921241117826,0
474,7566-DSRLQ,0.0650782711741832,0
475,5331-RGMTT,0.2580197496407339,0
476,2995-UPRYS,0.20200466743599343,0
477,5884-GCYMI,0.6303618507052001,1
478,3712-PKXZA,0.01723676526019989,0
479,7077-XJMET,0.41428749872250553,0
480,1699-HPSBG,0.27492033656213644,0
481,3680-CTHUH,0.13427537958916527,0
482,6174-NRBTZ,0.07960813432293062,0
483,0402-CQAJN,0.39834447220474584,0
484,6710-HSJRD,0.302640584744785,0
485,5186-PEIZU,0.04879377645134392,0
486,4735-ASGMA,0.5892177500568233,1
487,7596-IIWYC,0.025957298253046376,0
488,2292-XQWSV,0.06496033570201827,0
489,2320-JRSDE,0.24136719389355177,0
490,5494-HECPR,0.7552479777493272,1
491,3620-MWJNE,0.5207756877023825,1
492,5780-INQIK,0.3332023113126992,0
493,5093-FEGLU,0.007006539201739277,0
494,0236-HFWSV,0.6677003752025552,1
495,6016-LVTJQ,0.060118316297618164,0
496,5656-JAMLX,0.005013830006090277,0
497,4097-YODCF,0.3199666464057367,0
498,6729-GDNGC,0.3811965009083192,0
499,9391-EOYLI,0.6607724407632337,1
500,5597-GLBUC,0.7552479777493272,1
501,1518-OMDIK,0.19375447129693912,0
502,1686-STUHN,0.0192435025953325,0
503,8212-CRQXP,0.4810791938764935,0
504,4895-TMWIR,0.12767606335067205,0
505,4635-EJYPD,0.01505017442691642,0
506,6142-VSJQO,0.361647248077048,0
507,5181-OABFK,0.023053402896147504,0
508,9917-KWRBE,0.07307040371891568,0
509,9094-AZPHK,0.6677003752025552,1
510,2650-GYRYL,0.03528687568620996,0
511,7831-QGOXH,0.6469991051793643,1
512,2675-OTVVJ,0.3755441740833098,0
513,8309-PPCED,0.04307003804490218,0
514,9667-TKTVZ,0.5207756877023825,1
515,8097-OMULG,0.024481429753234887,0
516,5650-VDUDS,0.5054660777072775,1
517,8707-HOEDG,0.0614230924112853,0
518,0799-DDIHE,0.23971904215702974,0
519,4395-PZMSN,0.7318893768190421,1
520,0956-ACVZC,0.1571196004967787,0
521,0280-XJGEX,0.3143025157802669,0
522,0840-DFEZH,0.7196940013861782,1
523,6734-CKRSM,0.17457694251590472,0
524,7551-JOHTI,0.18358499957289304,0
525,4091-TVOCN,0.06710957783660819,0
526,2990-HWIML,0.7258338828059435,1
527,7410-OIEDU,0.7007802487816884,1
528,3893-JRNFS,0.08507572415419085,0
529,2453-SAFNS,0.054690331531161554,0
530,9995-HOTOH,0.01601447380228742,0
531,6502-MJQAE,0.7552479777493272,1
532,6804-GDMOI,0.09931939248247158,0
533,3261-CQXOL,0.0029816337116302526,0
534,6158-DWPZT,0.11609652235020677,0
535,9618-LFJRU,0.11709792704095529,0
536,5229-DTFYB,0.11629574884361592,0
537,8258-GSTJK,0.7437430869614996,1
538,9755-JHNMN,0.02024953458365511,0
539,2833-SLKDQ,0.38243212817760386,0
540,8548-AWOFC,0.0695251158502366,0
541,2091-MJTFX,0.11406331207412586,0
542,7268-WNTCP,0.003924776728506105,0
543,4210-QFJMF,0.737859427344095,1
544,2234-XADUH,0.07745983678769343,0
545,2830-LEWOA,0.061034897095918916,0
546,2740-TVLFN,0.5284176789506724,1
547,3571-DPYUH,0.1142168602587147,0
548,8441-SHIPE,0.00776209043038099,0
549,9955-QOPOY,0.036422782978725955,0
550,5909-ECHUI,0.5284176789506724,1
551,0508-SQWPL,0.008241734509414974,0
552,9378-FXTIZ,0.056475399202245834,0
553,1641-RQDAY,0.4827297816269136,0
554,8043-PNYSD,0.005875183285734342,0
555,6725-TPKJO,0.013348284701011195,0
556,0769-MURVM,0.007923766528693851,0
557,2866-IKBTM,0.18358499957289304,0
558,5274-XHAKY,0.31412090818739913,0
559,4883-KCPZJ,0.013244963877078346,0
560,9103-CXVOK,0.149537947341928,0
561,4184-TJFAN,0.6941366865002646,1
562,7815-PDTHL,0.03124617427482944,0
563,4818-DRBQT,0.42795039079401975,0
564,1809-DMJHQ,0.3263366568415415,0
565,4522-AKYLR,0.43685905743154746,0
566,2259-OUUSZ,0.2222474397678053,0
567,2656-FMOKZ,0.6677003752025552,1
568,4937-QPZPO,0.15390828712685362,0
569,5756-JYOJT,0.12258030250925012,0
570,7603-USHJS,0.5574224881051193,1
571,3174-AKMAS,0.034985849288754305,0
572,6960-HVYXR,0.6303618507052001,1
573,3536-IQCTX,0.36838598541517303,0
574,3458-IDMFK,0.04197955675916134,0
575,5161-XEUVX,0.10106853501230105,0
576,6987-XQSJT,0.3781839285379952,0
577,2810-FTLEM,0.41438975584906834,0
578,7718-UPSKJ,0.09428087418835855,0
579,1415-YFWLT,0.7552479777493272,1
580,4957-TIALW,0.09851964615956466,0
581,0516-WJVXC,0.35393000751660103,0
582,3736-BLEPA,0.2925343479604125,0
583,2378-YIZKA,0.016074258788336588,0
584,3508-CFVZL,0.04293153808592565,0
585,5707-ORNDZ,0.3264293040068398,0
586,4667-OHGKG,0.28921206771476576,0
587,8727-XDPUD,0.028988096846291018,0
588,4029-HPFVY,0.7437430869614996,1
589,2882-WDTBA,0.015596735721393445,0
590,6100-QQHEB,0.5964108738522867,1
591,7339-POGZN,0.3609678318929658,0
592,6047-SUHPR,0.06684658733391612,0
593,1722-LDZJS,0.010833652517106293,0
594,7938-OUHIO,0.7437430869614996,1
595,6139-ZZRBQ,0.0085031165407935,0
596,7576-OYWBN,0.7437430869614996,1
597,0604-THJFP,0.02107130242755551,0
598,8016-ZMGMO,0.03979024494451537,0
599,4283-IVYCI,0.3264293040068398,0
600,3552-CTCYF,0.04982589501932539,0
601,7055-VKGDA,0.1571196004967787,0
602,6981-TDRFT,0.10007857330489126,0
603,3982-XWFZQ,0.22001987559560257,0
604,7341-LXCAF,0.7133847445532604,1
605,1810-MVMAI,0.16605321266352424,0
606,7607-QKKTJ,0.1611065380419773,0
607,2773-OVBPK,0.0498458491250829,0
608,4277-UDIEF,0.13400111588342117,0
609,7673-BQGKU,0.003169482710477497,0
610,3398-ZOUAA,0.5965123021045021,1
611,4374-YMUSQ,0.15976274124045922,0
612,7963-SHNDT,0.028330858399828976,0
613,4199-QHJNM,0.028175562606144018,0
614,0485-ZBSLN,0.0035813007348636156,0
615,0820-FNRNX,0.3492188106410431,0
616,3186-BAXNB,0.6303618507052001,1
617,2636-OHFMN,0.47473974762145355,0
618,7841-FCRQD,0.10226383424126773,0
619,7181-OQCUT,0.48023905399166006,0
620,9820-RMCQV,0.22763820644067137,0
621,4198-VFOEA,0.27492033656213644,0
622,5716-EZXZN,0.04700320043535367,0
623,0311-UNPFF,0.4811843931395623,0
624,9334-GWGOW,0.6942261464059508,1
625,9110-HSGTV,0.01985996772408964,0
626,7153-CHRBV,0.0694798314533232,0
627,1576-PFZIW,0.025764680182305887,0
628,5443-SCMKX,0.18401924565227984,0
629,9281-OFDMF,0.3473622648401229,0
630,6390-DSAZX,0.7318066791093276,1
631,7445-WMRBW,0.07523182854568593,0
632,8182-PNAGI,0.2222956386235604,0
633,2954-PIBKO,0.015596735721393445,0
634,9619-GSATL,0.07496878329036448,0
635,8347-GDTMP,0.004173548045049342,0
636,7627-JKIAZ,0.3692675728581665,0
637,1741-WTPON,0.052619603610197976,0
638,7161-DFHUF,0.005203146532962737,0
639,0365-GXEZS,0.4724905340795555,0
640,9903-LYSAB,0.6184281936226099,1
641,2235-ZGKPT,0.3063688597244035,0
642,7049-GKVZY,0.10413744158428388,0
643,0439-IFYUN,0.6469991051793643,1
644,1986-PHGZF,0.3008689422406898,0
645,9970-QBCDA,0.11090903735223506,0
646,5937-EORGB,0.6398723612438336,1
647,9512-PHSMG,0.21450337505533418,0
648,3768-NLUBH,0.21328860455085466,0
649,8166-ZZTFS,0.019264221115034032,0
650,6257-RJOHI,0.5054660777072775,1
651,1498-NHTLT,0.03221691839640947,0
652,3511-APPBJ,0.3252181249293001,0
653,0315-LVCRK,0.5565920268646882,1
654,5055-MGMGF,0.2774139105705028,0
655,3662-FXJFO,0.01770011845673845,0
656,9112-WSNPU,0.3756430014228733,0
657,5172-MIGPM,0.3609678318929658,0
658,8208-EUMTE,0.08077037217571582,0
659,3836-FZSDJ,0.003370541839754583,0
660,7284-ZZLOH,0.020241175968885812,0
661,5960-WPXQM,0.7552479777493272,1
662,2900-PHPLN,0.006270358328442241,0
663,3334-CTHOL,0.42013062772604703,0
664,6917-YACBP,0.3428819881032761,0
665,4781-ZXYGU,0.17062149616660216,0
666,0930-EHUZA,0.1537840171132161,0
667,1958-RNRKS,0.18379132890823635,0
668,6661-HBGWL,0.36225698500825226,0
669,3370-GQEAL,0.354148324679639,0
670,3192-NQECA,0.04841442872956466,0
671,6907-NZZIJ,0.5135729940719721,1
672,9453-PATOS,0.013776612554232508,0
673,0778-NELLA,0.3618418369914587,0
674,9631-RXVJM,0.01751298167856713,0
675,8849-PRIQJ,0.13145815145116838,0
676,7176-WIONM,0.3138245226395093,0
677,8621-MNIHH,0.49814962755910847,0
678,4402-FTBXC,0.25156276714153786,0
679,6551-GNYDG,0.5116054428736877,1
680,6878-GGDWG,0.04737204105154201,0
681,2223-KAGMX,0.08648935632735821,0
682,0997-YTLNY,0.23979585182006283,0
683,0496-AHOOK,0.07659283260947251,0
684,4971-PUYQO,0.5817812310067005,1
685,0818-OCPZO,0.5817812310067005,1
686,6888-SBYAI,0.5284176789506724,1
687,2282-YGNOR,0.07448255157764547,0
688,4282-YMKNA,0.707165851455622,1
689,6877-LGWXO,0.4724905340795555,0
690,2436-QBZFP,0.2028268056068862,0
691,2876-VBBBL,0.28921206771476576,0
692,7854-EDSSA,0.24550433090557824,0
693,4086-ATNFV,0.1312530641938394,0
694,6537-OTKMY,0.16046673255051833,0
695,3440-JPSCL,0.7258338828059435,1
696,7563-BIUPC,0.7318893768190421,1
697,9555-SAHUZ,0.13481929348634364,0
698,6473-ULUHT,0.23417890890409204,0
699,2055-PDADH,0.7437430869614996,1
700,7078-NVFAM,0.25310586493798454,0
701,6651-AZVTJ,0.35662690530179847,0
702,4291-YZODP,0.0727214771511425,0
703,2523-EWWZL,0.5515901257357352,1
704,0454-OKRCT,0.08503092169296782,0
705,3887-PBQAO,0.024697820662454836,0
706,1455-ESIQH,0.7552479777493272,1
707,2812-ENYMO,0.08107275971547698,0
708,6972-SNKKW,0.16172367196539011,0
709,7426-GSWPO,0.22448447829141713,0
710,4837-QUSFT,0.10528069232111778,0
711,7109-CQYUZ,0.05011442622246073,0
712,3038-PQIUY,0.18907713243781588,0
713,5989-OMNJE,0.10187812516729175,0
714,6445-TNRXS,0.0430526735014463,0
715,9442-JTWDL,0.04828124685510507,0
716,5318-YKDPV,0.03395208360755489,0
717,0854-UYHZD,0.026623170207652723,0
718,5154-VEKBL,0.3264293040068398,0
719,9916-AYHTC,0.0076792033302205236,0
720,7470-MCQTK,0.3072639001080454,0
721,6961-MJKBO,0.007916265805869205,0
722,7718-RXDGG,0.5346393409631897,1
723,3165-HDOEW,0.46700023462700163,0
724,0757-WCUUZ,0.013675705170638956,0
725,1867-TJHTS,0.25810043247733133,0
726,1728-BQDMA,0.3752215386485434,0
727,6692-YQHXC,0.5575264453822378,1
728,7131-ZQZNK,0.011405138311361447,0
729,9308-ANMVE,0.19485539688411205,0
730,8561-NMTBD,0.08914189239786817,0
731,4631-OACRM,0.6677003752025552,1
732,1936-CZAKF,0.017948126612279774,0
733,5583-SXDAG,0.6012742178925783,1
734,6244-BESBM,0.04180774865668833,0
735,1200-TUZHR,0.5791464357649007,1
736,1545-ACTAS,0.1490659237439559,0
737,0357-NVCRI,0.05804750159963911,0
738,2190-BCXEC,0.3481256427339228,0
739,6266-QHOJZ,0.17067411712643574,0
740,1470-PSXNM,0.20807662998172927,0
741,9386-LDCZR,0.2070585427811417,0
742,2990-IAJSV,0.010111201780875784,0
743,3714-NTNFO,0.41482600290347144,0
744,3154-CFSZG,0.2456811999352096,0
745,4393-GEADV,0.022851082049570422,0
746,6067-NGCEU,0.21919492129454127,0
747,6927-WTFIV,0.3811965009083192,0
748,0744-GKNGE,0.18456710759019154,0
749,0687-ZVTHB,0.020454001346061807,0
750,0867-MKZVY,0.45724602424535676,0
751,4868-AADLV,0.13499652510238283,0
752,6923-JHPMP,0.7495395153906804,1
753,9079-LWTFD,0.2940497581851428,0
754,1976-CFOCS,0.353833655280027,0
755,1089-HDMKP,0.42174205429652595,0
756,2207-OBZNX,0.48249141537434315,0
757,7629-WFGLW,0.11700569863615343,0
758,4231-LZUYM,0.0032691581778797724,0
759,9553-DLCLU,0.05220201015479075,0
760,5787-KXGIY,0.0032691581778797724,0
761,7471-MQPOS,0.03047983746673549,0
762,1097-FSPVW,0.10232813629768092,0
763,0810-DHDBD,0.03825148160455012,0
764,7143-BQIBA,0.23307069483676712,0
765,0708-SJDIS,0.18385455199150474,0
766,7802-EFKNY,0.46710512647384217,0
767,6248-BSHKG,0.0130824287979789,0
768,1555-HAPSU,0.0029816337116302526,0
769,3779-OSWCF,0.009227486346851914,0
770,6583-KQJLK,0.6398723612438336,1
771,4929-ROART,0.2689091663134044,0
772,3996-ZNWYK,0.0029816337116302526,0
773,3873-NFTGI,0.3272625090816144,0
774,5630-IXDXV,0.42977612160958084,0
775,9972-NKTFD,0.14898022215166798,0
776,7649-PHJVR,0.07274989836827399,0
777,4695-WJZUE,0.7495395153906804,1
778,7665-VIGUD,0.07484423057659127,0
779,5134-IKDAY,0.7069912932025055,1
780,9074-KGVOX,0.11207538290739112,0
781,7929-DMBCV,0.6038652363206376,1
782,3594-UVONA,0.10806953650378692,0
783,5533-NHFRF,0.48249141537434315,0
784,6467-CHFZW,0.3708086645303715,0
785,8433-WXGNA,0.7495395153906804,1
786,2982-VPSGI,0.667606870438349,1
787,4616-EWBNJ,0.04170878428295185,0
788,7605-BDWDC,0.06096424733863807,0
789,3259-FDWOY,0.03942044612296977,0
790,8022-BECSI,0.05303722481490903,0
791,0727-IWKVK,0.6810641539044056,1
792,4237-CLSMM,0.16166655166688465,0
793,1579-KLYDT,0.7196940013861782,1
794,2710-WYVXG,0.11572306207162054,0
795,2107-FBPTK,0.5592605676936293,1
796,6671-NGWON,0.1576124027956065,0
797,5334-JLAXU,0.2244111252764454,0
798,2834-JRTUA,0.07507416340629978,0
799,8740-XLHDR,0.4978056289900548,0
800,5392-AKEMH,0.44441159402099084,0
801,4840-ORQXB,0.24020056082362334,0
802,4529-CKBCL,0.7495395153906804,1
803,2111-DWYHN,0.18358499957289304,0
804,5370-IIVVL,0.23886876518336908,0
805,8190-ZTQFB,0.13488509064474796,0
806,1767-CJKBA,0.006847034167856776,0
807,1705-GUHPV,0.007501362723055334,0
808,2229-DPMBI,0.0308950844768533,0
809,4312-GVYNH,0.01707991804342066,0
810,2187-LZGPL,0.37610974341512493,0
811,5445-UTODQ,0.6942261464059508,1
812,5816-QVHRX,0.26788122693663563,0
813,8824-RWFXJ,0.4517811546780146,0
814,2968-SSGAA,0.7007802487816884,1
815,5356-RHIPP,0.28921206771476576,0
816,9415-ZNBSX,0.01513318039717492,0
817,3223-DWFIO,0.6086976884850802,1
818,2662-NNTDK,0.009603922365998198,0
819,8815-LMFLX,0.08975301664126183,0
820,7243-LCGGZ,0.18358499957289304,0
821,1245-HARPS,0.029123896725283756,0
822,2360-RDGRO,0.2774139105705028,0
823,2335-GSODA,0.05899936776959112,0
824,1087-GRUYI,0.009211068264561714,0
825,9221-OTIVJ,0.6744639916794086,1
826,6847-KJLTS,0.2352577037770018,0
827,6702-OHFWR,0.5284176789506724,1
828,3199-NPKCN,0.14614839280977462,0
829,7833-PKIHD,0.05484274427465353,0
830,6734-JDTTV,0.006461506243864037,0
831,0916-QOFDP,0.6183287495713343,1
832,0661-KQHNK,0.04419267478534932,0
833,4480-MBMLB,0.24448442903210876,0
834,9236-NDUCW,0.07010097173511608,0
835,3234-VKACU,0.3752215386485434,0
836,0023-UYUPN,0.02056763877910995,0
837,7064-JHXCE,0.003924776728506105,0
838,5277-ZLOOR,0.7495395153906804,1
839,8930-XOTDP,0.22336754078040694,0
840,6408-OTUBZ,0.11430215463687095,0
841,5049-MUBWG,0.08107275971547698,0
842,5913-INRQV,0.20636843870348848,0
843,8623-TMRBY,0.34269211996530763,0
844,3280-MRDOF,0.06274225069121049,0
845,4923-ADWXJ,0.25775640505509684,0
846,3049-SOLAY,0.7196089831561845,1
847,0795-LAFGP,0.012576611666194002,0
848,7197-VOJMM,0.01869373328952966,0
849,7250-EQKIY,0.3262440232353189,0
850,6620-HVDUJ,0.16519784783244496,0
851,6242-MBHPK,0.5816786965655076,1
852,4182-BGSIQ,0.13505153275264395,0
853,7175-NTIXE,0.25775640505509684,0
854,6198-ZFIOJ,0.6013752408185491,1
855,5956-YHHRX,0.6257310882097578,1
856,3472-QPRCH,0.007672783705356171,0
857,0422-OHQHQ,0.05147795961225197,0
858,2845-HSJCY,0.6183287495713343,1
859,5914-GXMDA,0.03517248404994262,0
860,0794-YVSGE,0.002891914203865371,0
861,8944-AILEF,0.13156007450999854,0
862,8543-MSDMF,0.5131239608735689,1
863,9548-LERKT,0.021603343859970325,0
864,7139-JZFVG,0.011405138311361447,0
865,5842-POCOP,0.7070785799452428,1
866,7439-DKZTW,0.7552479777493272,1
867,9081-WWXKP,0.006200703731176176,0
868,0181-RITDD,0.0441727847568958,0
869,5043-TRZWM,0.6303618507052001,1
870,3635-QQRQD,0.009035677614908389,0
871,2828-SLQPF,0.29446293318183214,0
872,0932-YIXYU,0.007916265805869205,0
873,7011-CVEUC,0.4581860013939333,0
874,6328-ZPBGN,0.5949201171304966,1
875,4423-YLHDV,0.48873274299962755,0
876,5515-IDEJJ,0.149537947341928,0
877,2460-FPSYH,0.25326522268762364,0
878,2806-MLNTI,0.14911938388458826,0
879,3474-BAFSJ,0.025227509941501056,0
880,2834-SPCJV,0.2401236624741173,0
881,2018-QKYGT,0.7069912932025055,1
882,3259-KNMRR,0.02843529400785291,0
883,2885-HIJDH,0.008680092402385393,0
884,8905-IAZPF,0.09428087418835855,0
885,8232-CTLKO,0.026160004944505138,0
886,9959-WOFKT,0.025006597130994446,0
887,0568-ONFPC,0.15396962916888685,0
888,5522-JBWMO,0.353833655280027,0
889,3468-DRVQJ,0.14835895539097513,0
890,1627-AFWVJ,0.020973717528109205,0
891,4644-OBGFZ,0.015681618530261704,0
892,1622-HSHSF,0.28921206771476576,0
893,8107-KNCIM,0.6469028557938102,1
894,2239-CFOUJ,0.07693397584552637,0
895,8267-ZNYVZ,0.3266705939944939,0
896,7041-TXQJH,0.19382030778841552,0
897,4878-BUNFV,0.01112219241563127,0
898,0877-SDMBN,0.1571196004967787,0
899,7032-LMBHI,0.05924898427824934,0
900,3413-CSSTH,0.17538311764511874,0
901,7577-SWIFR,0.7552479777493272,1
902,0388-EOPEX,0.7257500171926281,1
903,2474-LCNUE,0.2461282807106242,0
904,4124-MMETB,0.5118160258581134,1
905,0374-IOEGQ,0.3680658749343064,0
906,9867-XOBQA,0.062495228431533434,0
907,2081-VEYEH,0.7437430869614996,1
908,1427-VERSM,0.3359173617898917,0
909,4690-LLKUA,0.4069736943422564,0
910,3196-NVXLZ,0.5966137221068775,1
911,6746-WAUWT,0.06702348238560413,0
912,0650-BWOZN,0.6469991051793643,1
913,7730-CLDSV,0.0382763508675338,0
914,5419-KLXBN,0.42784723217702253,0
915,1755-FZQEC,0.03219585432409157,0
916,8627-ZYGSZ,0.24007279135522458,0
917,4973-MGTON,0.016573022755438756,0
918,9129-UXERG,0.5423591698561959,1
919,9821-POOTN,0.490490085534631,0
920,8148-BPLZQ,0.2895816992604956,0
921,9372-TXXPS,0.012878570477399215,0
922,2202-OUTMO,0.18901252935654328,0
923,4702-HDRKD,0.04347252386010425,0
924,2257-BOVXD,0.30078031013051243,0
925,1821-BUCWY,0.09381721026886435,0
926,6705-LXORM,0.5715569471390779,1
927,8969-PRHFK,0.05954144965051952,0
928,9812-GHVRI,0.25024102650325397,0
929,8614-VGMMV,0.4218448262038546,0
930,7905-TVXTA,0.4978056289900548,0
931,2108-GLPQB,0.1450845463615958,0
932,8651-ENBZX,0.19346610738498518,0
933,3454-JFUBC,0.0075296098876724395,0
934,4566-QVRRW,0.42174205429652595,0
935,6844-DZKRF,0.41268422773780655,0
936,3546-GHEAE,0.04034336939204141,0
937,9365-SRSZE,0.5515901257357352,1
938,7100-FQPRV,0.06902654341106595,0
939,0603-TPMIB,0.006636218645342175,0
940,3842-IYKUE,0.2800701608739681,0
941,1402-PTHGN,0.19787307510930147,0
942,8884-MRNSU,0.031951370473885445,0
943,0191-EQUUH,0.03673024176072084,0
944,3727-RJMEO,0.7006918796814581,1
945,4083-EUGRJ,0.14964516250319998,0
946,6331-LWDTQ,0.3547964331274801,0
947,6599-SFQVE,0.4901462103231193,0
948,6234-RAAPL,0.021521928344805246,0
949,8106-GWQOK,0.044274691866767676,0
950,7312-XSBAT,0.38243212817760386,0
951,5027-QPKTE,0.6942261464059508,1
952,6234-PFPXL,0.33877667856707766,0
953,4277-BWBML,0.002891914203865371,0
954,9244-ZVAPM,0.38243212817760386,0
955,1343-EHPYB,0.28986486108193205,0
956,9699-UBQFS,0.4296728534572516,0
957,3720-DBRWL,0.030165905137292646,0
958,6194-HBGQN,0.06908072263144677,0
959,2750-BJLSB,0.26322212673476936,0
960,5240-CAOYT,0.2640113941373093,0
961,3957-LXOLK,0.5743073494227785,1
962,5202-IVJNU,0.09950972017219219,0
963,6776-TLWOI,0.17457694251590472,0
964,3424-NMNBO,0.18401924565227984,0
965,0872-NXJYS,0.707165851455622,1
966,9962-BFPDU,0.149537947341928,0
967,8461-EFQYM,0.05844106190425624,0
968,1355-KUSBG,0.28718840316862937,0
969,6919-ELBGL,0.0382763508675338,0
970,2925-MXLSX,0.12374873684042227,0
971,0537-QYZZN,0.5438950609686882,1
972,4194-FJARJ,0.013675705170638956,0
973,9396-ZSFLL,0.2873609635566268,0
974,2150-OEGBV,0.030133822190600835,0
975,6791-YBNAK,0.15680712791819418,0
976,0940-OUQEC,0.6022827209799696,1
977,8670-MEFCP,0.041735803773175935,0
978,4077-HWUYD,0.014246400335324028,0
979,5129-HHMZC,0.02149297024125571,0
980,9000-PLFUZ,0.023062895486423148,0
981,6797-LNAQX,0.022851082049570422,0
982,8380-MQINP,0.007495090645637776,0
983,9814-AOUDH,0.006595539919671215,0
984,5313-FPXWG,0.02623938162239273,0
985,9067-YGSCA,0.008250907433044822,0
986,7758-UJWYS,0.06682919712820838,0
987,2017-CCBLH,0.039173580597441575,0
988,2599-CZABP,0.14841220620924506,0
989,0812-WUPTB,0.6012742178925783,1
990,5624-RYAMH,0.24152155080800963,0
991,1548-FEHVL,0.302640584744785,0
992,4825-FUREZ,0.012559535138875685,0
993,9717-IOAAF,0.02302243265280114,0
994,1273-MTETI,0.737859427344095,1
995,9374-YOLBJ,0.149537947341928,0
996,8559-CIZFV,0.11060261919398162,0
997,5095-ETBRJ,0.022977724679415154,0
998,3419-SNJJD,0.12063956453845391,0
999,3566-VVORZ,0.20175998281042962,0
1000,6500-JVEGC,0.06286445593841034,0
1001,5046-NUHWD,0.2958382654204404,0
1002,2504-DSHIH,0.4345372603653214,0
1003,1955-IBMMB,0.009897076944162008,0
1004,3549-ZTMNH,0.03194274754368767,0
1005,2654-VBVPB,0.12694157276622248,0
1006,3793-MMFUH,0.681155681024456,1
1007,4718-DHSMV,0.45198990217353463,0
1008,8318-LCNBW,0.055901635976994886,0
1009,5320-BRKGK,0.018616689573845945,0
1010,4030-VPZBD,0.5207756877023825,1
1011,2256-YLYLP,0.016074258788336588,0
1012,0426-TIRNE,0.18358499957289304,0
1013,6407-GSJNL,0.007009471659419293,0
1014,8084-OIVBS,0.07274989836827399,0
1015,4926-UMJZD,0.28323306812874416,0
1016,4704-ERYFC,0.5891157511787117,1
1017,8108-UXRQN,0.2627644242222079,0
1018,9229-RQABD,0.05954144965051952,0
1019,5663-QBGIS,0.024270263744987936,0
1020,2181-UAESM,0.3752215386485434,0
1021,2446-PLQVO,0.7552479777493272,1
1022,9272-LSVYH,0.5641408878866987,1
1023,1342-JPNKI,0.6022827209799696,1
1024,2920-RNCEZ,0.609398727129114,1
1025,6265-FRMTQ,0.01286108929051638,0
1026,6718-BDGHG,0.07736156403843455,0
1027,0999-QXNSA,0.4518855263095654,0
1028,5685-IIXLY,0.6809726128162662,1
1029,5275-PMFUT,0.014246400335324028,0
1030,2931-XIQBR,0.12344193560010265,0
1031,3913-RDSJZ,0.0064399357901917574,0
1032,9492-TOKRI,0.5423591698561959,1
1033,3786-WOVKF,0.08671833034459711,0
1034,8076-FEZKJ,0.07484423057659127,0
1035,3859-CVCET,0.3609678318929658,0
1036,1591-MQJTP,0.15304936548984913,0
1037,3191-CSNMG,0.6941366865002646,1
1038,3988-RQIXO,0.7552479777493272,1
1039,5198-EFNBM,0.18866505886870183,0
1040,1763-KUAAW,0.03932690086936646,0
1041,4080-IIARD,0.406871995771704,0
1042,5028-GZLDO,0.516767765078891,1
1043,6218-KNUBD,0.34695489986739847,0
1044,5570-PTWEH,0.6239838383485942,1
1045,4632-PAOYU,0.04195688113404212,0
1046,2812-REYAT,0.02470797324192371,0
1047,9503-XJUME,0.012610058582720593,0
1048,4667-QONEA,0.042181929837116196,0
1049,4546-FOKWR,0.5575264453822378,1
1050,0455-ENTCR,0.01651141384664448,0
1051,7554-AKDQF,0.3196363091020016,0
1052,2740-JFBOK,0.23595268831125182,0
1053,1053-MXTTK,0.0382763508675338,0
1054,2904-GGUAZ,0.04307003804490218,0
1055,7112-OPOTK,0.3901224238034798,0
1056,4795-KTRTH,0.7070785799452428,1
1057,4900-MSOMT,0.007923766528693851,0
1058,5183-KLYEM,0.048433846389409986,0
1059,5832-XKAES,0.6592889955116278,1
1060,2348-KCJLT,0.11171322302872602,0
1061,4992-LTJNE,0.007923766528693851,0
1062,5815-HGGHV,0.20784997997907018,0
1063,7209-JCUDS,0.7007802487816884,1
1064,5196-SGOAK,0.7552479777493272,1
1065,2609-IAICY,0.7552479777493272,1
1066,9851-QXEEQ,0.475293065406843,0
1067,5222-JCXZT,0.1702052670835357,0
1068,2200-DSAAL,0.031300627592674296,0
1069,4592-IWTJI,0.2274900611633012,0
1070,4329-YPDDQ,0.5271129656222535,1
1071,1845-CSBRZ,0.31179457943714517,0
1072,5804-JMYIO,0.012180060833380638,0
1073,6203-HBZPA,0.018503940868212432,0
1074,7590-VHVEG,0.49770028183344206,0
1075,2481-SBOYW,0.008245179642724223,0
1076,0100-DUVFC,0.135045740253449,0
1077,9398-MMQTO,0.5091123655381127,1
1078,2236-HILPA,0.003924776728506105,0
1079,0541-FITGH,0.49004090239369924,0
1080,5598-IKHQQ,0.0036954304330925514,0
1081,2673-CXQEU,0.13032323500270385,0
1082,5730-RIITO,0.1666953351787525,0
1083,5404-GGUKR,0.4978056289900548,0
1084,9828-QHFBK,0.35640790338069517,0
1085,8868-GAGIO,0.4147237143634144,0
1086,6586-PSJOX,0.09851964615956466,0
1087,9732-EQMWY,0.2572954112187069,0
1088,8242-JSVBO,0.37610974341512493,0
1089,4821-WQOYN,0.005220596149426978,0
1090,7593-JNWRU,0.32707698503071964,0
1091,2931-FSOHN,0.43685905743154746,0
1092,9451-LPGOO,0.7196940013861782,1
1093,4872-VXRIL,0.05985492584795061,0
1094,6749-UTDVX,0.07297390459747302,0
1095,3594-BDSOA,0.029239080802765383,0
1096,1891-QRQSA,0.04839501845855285,0
1097,2202-CUYXZ,0.7552479777493272,1
1098,3199-XGZCY,0.7134708985931013,1
1099,5519-NPHVG,0.6877734937303283,1
1100,8532-UEFWH,0.008210837926895762,0
1101,9172-ANCRX,0.7007802487816884,1
1102,3346-BRMIS,0.37048768370418567,0
1103,8993-PHFWD,0.3680658749343064,0
1104,6481-LXPWL,0.047421579844006384,0
1105,3197-NNYNB,0.03368483153217189,0
1106,5214-NLTIT,0.0382763508675338,0
1107,9661-MHUMO,0.361647248077048,0
1108,4847-QNOKA,0.42013062772604703,0
1109,8263-OKETD,0.2881371056962517,0
1110,4248-HCETZ,0.5287605584770767,1
1111,5089-IFSDP,0.06465170386029392,0
1112,2530-FMFXO,0.09132351428327995,0
1113,3791-LGQCY,0.2464619415110404,0
1114,1453-RZFON,0.353833655280027,0
1115,8042-RNLKO,0.009316795523523975,0
1116,3318-NMQXL,0.7437430869614996,1
1117,1052-QJIBV,0.0029816337116302526,0
1118,0771-CHWSK,0.02173065177609476,0
1119,0872-JCPIB,0.19693659231874702,0
1120,9544-PYPSJ,0.1939695145313555,0
1121,9802-CAQUT,0.021521928344805246,0
1122,2930-UOTMB,0.1376971332209171,0
1123,1761-AEZZR,0.7552479777493272,1
1124,2672-TGEFF,0.444647311594874,0
1125,1764-VUUMT,0.003926424471470087,0
1126,6339-DKLMK,0.43685905743154746,0
1127,3977-QCRSL,0.16592105950250474,0
1128,7465-ZZRVX,0.7552479777493272,1
1129,2538-OIMXF,0.353833655280027,0
1130,3450-WXOAT,0.15431386486209023,0
1131,3838-OZURD,0.19403540650761786,0
1132,9906-NHHVC,0.02239170427298558,0
1133,3066-RRJIO,0.7552479777493272,1
1134,5044-XDPYX,0.009561335203332378,0
1135,4229-CZMLL,0.7258338828059435,1
1136,2801-NISEI,0.23433008877166855,0
1137,4439-YRNVD,0.3197279568550057,0
1138,0549-CYCQN,0.16968102203150826,0
1139,2309-OSFEU,0.4595905392374051,0
1140,1635-FJFCC,0.3905959016403936,0
1141,2669-QVCRG,0.3693657254638842,0
1142,0064-YIJGF,0.41291562387096703,0
1143,9495-SKLKD,0.2883329512654878,0
1144,4009-ALQFH,0.5966137221068775,1
1145,3144-AUDBS,0.45948587984613476,0
1146,3329-WDIOK,0.5131239608735689,1
1147,0733-VUNUW,0.26366228791893487,0
1148,6859-RKMZJ,0.3204604244417706,0
1149,1794-HBQTJ,0.42013062772604703,0
1150,2402-TAIRZ,0.21150255340166443,0
1151,3870-SPZSI,0.0405972952584699,0
1152,8409-WQJUX,0.12333867903215541,0
1153,3585-ISXZP,0.47084308869629343,0
1154,9888-ZCUMM,0.018132323441475987,0
1155,4785-FCIFB,0.007055636864291883,0
1156,1285-OKIPP,0.6303618507052001,1
1157,9637-CDTKZ,0.04307003804490218,0
1158,8631-WUXGY,0.40730583311277563,0
1159,5871-DGTXZ,0.03959344994607391,0
1160,2580-ASVVY,0.0392254053649072,0
1161,2087-QAREY,0.3423822334762682,0
1162,6840-RESVB,0.1703007351349834,0
1163,9898-KZQDZ,0.32076014749267556,0
1164,1760-CAZHT,0.08701311565695924,0
1165,7330-WZLNC,0.7318893768190421,1
1166,5276-KQWHG,0.7495395153906804,1
1167,5996-DAOQL,0.28921206771476576,0
1168,4849-PYRLQ,0.01640440140331589,0
1169,6168-WFVVF,0.7437430869614996,1
1170,3411-WLRSQ,0.6239838383485942,1
1171,0270-THENM,0.007923766528693851,0
1172,5701-YVSVF,0.667606870438349,1
1173,0781-LKXBR,0.707165851455622,1
1174,4829-AUOAX,0.2173488227288221,0
1175,5832-TRLPB,0.1271099699043101,0
1176,4851-BQDNX,0.25716162621107463,0
1177,3120-FAZKD,0.009028134327890111,0
1178,8749-TZYEC,0.0032691581778797724,0
1179,7399-QHBJS,0.007923766528693851,0
1180,4660-IRIBM,0.5890137446395601,1
1181,2792-LSHWX,0.7552479777493272,1
1182,4513-CXYIX,0.04435081076971803,0
1183,1432-FPAXX,0.32208577509237646,0
1184,5002-GCQFH,0.2884194284318126,0
1185,8708-XPXHZ,0.40720410853513594,0
1186,2501-XWWTZ,0.5565920268646882,1
1187,9505-SQFSW,0.3129190041488045,0
1188,3452-GWUIN,0.6111715181011552,1
1189,1555-DJEQW,0.0405972952584699,0
1190,3339-EAQNV,0.08671833034459711,0
1191,3161-GETRM,0.36206229950346613,0
1192,3292-PBZEJ,0.6943155916689036,1
1193,7184-LRUUR,0.09068587145315346,0
1194,2612-PHGOX,0.02045685815260453,0
1195,2789-HQBOU,0.7437430869614996,1
1196,5505-OVWQW,0.06128066550767185,0
1197,7989-AWGEH,0.16755689744653743,0
1198,0973-KYVNF,0.014246400335324028,0
1199,1641-BYBTK,0.23587672770237292,0
1200,8640-SDGKB,0.5054660777072775,1
1201,0394-YONDK,0.0030741281194327386,0
1202,0303-UNCIP,0.07933110012374958,0
1203,4191-XOVOM,0.20325403079647514,0
1204,7228-OMTPN,0.737859427344095,1
1205,4869-EPIUS,0.19340036234456057,0
1206,8325-QRPZR,0.7196940013861782,1
1207,1567-DSCIC,0.7134708985931013,1
1208,3389-YGYAI,0.7134708985931013,1
1209,7636-PEPNS,0.0675246527003326,0
1210,2878-RMWXY,0.04307003804490218,0
1211,3597-YASZG,0.04566785219921081,0
1212,5519-YLDGW,0.5965123021045021,1
1213,5451-YHYPW,0.04307003804490218,0
1214,0219-QAERP,0.024448589089601087,0
1215,4829-ZLJTK,0.0650782711741832,0
1216,3345-JHUEO,0.27068655685389975,0
1217,6704-UTUKK,0.2958382654204404,0
1218,3005-TYFRD,0.25219696771308586,0
1219,8631-NBHFZ,0.009507917932459361,0
1220,5288-AHOUP,0.6943155916689036,1
1221,3146-MSEGF,0.014246400335324028,0
1222,1017-FBQMM,0.10239022991963453,0
1223,0702-PGIBZ,0.7133847445532604,1
1224,1272-ILHFG,0.05147795961225197,0
1225,6101-IMRMM,0.5640372694532004,1
1226,4190-MFLUW,0.1920045464753876,0
1227,0727-BMPLR,0.21849985781523298,0
1228,4342-HFXWS,0.033961229928041604,0
1229,5348-CAGXB,0.6877734937303283,1
1230,7779-ORAEL,0.020241175968885812,0
1231,8809-XKHMD,0.04307003804490218,0
1232,2030-BTZRO,0.03814424010021754,0
1233,9885-AIBVB,0.536388572869897,1
1234,0601-WZHJF,0.2688263289568968,0
1235,7338-ERIVA,0.049773975806013705,0
1236,1114-CENIM,0.11211732488501669,0
1237,7605-SNLQG,0.14264301854998557,0
1238,0111-KLBQG,0.4827297816269136,0
1239,4299-SIMNS,0.707165851455622,1
1240,8750-QWZAJ,0.0030741281194327386,0
1241,9681-OXGVC,0.7318893768190421,1
1242,0392-BZIUW,0.04307003804490218,0
1243,9796-BPKIW,0.6168669440059341,1
1244,0582-AVCLN,0.01599943784313478,0
1245,8180-AKMJV,0.42013062772604703,0
1246,8198-RKSZG,0.1737028649696524,0
1247,1319-YLZJG,0.6607724407632337,1
1248,9689-PTNPG,0.7495395153906804,1
1249,5197-YPYBZ,0.01790905966797439,0
1250,1472-TNCWL,0.48283500598976703,0
1251,0643-OKLRP,0.2691797731392671,0
1252,2300-RQGOI,0.01599943784313478,0
1253,5148-HKFIR,0.027451373301525396,0
1254,2637-FKFSY,0.4823861960470093,0
1255,8722-PRFDV,0.008168316697725957,0
1256,5751-USDBL,0.026669788724215316,0
1257,9332-GYWLO,0.293501990047363,0
1258,5795-BKOYE,0.018137288103074987,0
1259,6082-GLJIX,0.11782694015974997,0
1260,1442-BQPVU,0.30007296143361345,0
1261,8535-SFUTN,0.32920945628838205,0
1262,1862-SKORY,0.23071734674494038,0
1263,0654-HMSHN,0.41944075888132176,0
1264,7799-DSEWS,0.39959978950799546,0
1265,1173-NOEYG,0.30534689018540606,0
1266,5857-TYBCJ,0.4221804614275812,0
1267,9625-QSTYE,0.681155681024456,1
1268,9904-EHEVJ,0.4827297816269136,0
1269,3657-COGMW,0.18769769652093232,0
1270,5734-EJKXG,0.18872957082512226,0
1271,1094-BKOSX,0.037109874235784296,0
1272,7601-WFVZV,0.18358499957289304,0
1273,5481-NTDOH,0.09964588036555914,0
1274,8710-YGLWG,0.5284176789506724,1
1275,3219-JQRSL,0.00895151202896228,0
1276,5868-CZJDR,0.49770028183344206,0
1277,9518-XXBXE,0.5336970140928688,1
1278,0177-PXBAT,0.39824348190095016,0
1279,0685-MLYYM,0.6231938463144493,1
1280,7596-ZYWBB,0.034211335385145474,0
1281,6022-UGGSO,0.5441041279153286,1
1282,9586-JGQKH,0.054384294728783276,0
1283,2808-CHTDM,0.01973524403504719,0
1284,5339-PXDVH,0.6086976884850802,1
1285,2311-QYMUQ,0.49628623481815987,0
1286,9677-AVKED,0.08713383118274567,0
1287,1431-AIDJQ,0.025709044676482357,0
1288,2951-QOQTK,0.4707380989435371,0
1289,8183-ONMXC,0.6231938463144493,1
1290,2880-FPNAE,0.7257500171926281,1
1291,3097-PYWXL,0.22493653148149578,0
1292,9279-CJEOJ,0.5194690583451839,1
1293,8573-CGOCC,0.08409878528729144,0
1294,8402-OOOHJ,0.014614754900926336,0
1295,4002-BQWPQ,0.16101522388633016,0
1296,1240-KNSEZ,0.28921206771476576,0
1297,1421-HCERK,0.42046589095771214,0
1298,8563-OYMQY,0.5499544152831277,1
1299,9572-MTILT,0.3157290445407851,0
1300,6741-QRLUP,0.023773268612464593,0
1301,3318-ISQFQ,0.12814550723308818,0
1302,1904-WAJAA,0.051025709573489994,0
1303,5712-VBOXD,0.19353960922416305,0
1304,2737-YNGYW,0.6231938463144493,1
1305,6728-WYQBC,0.12694157276622248,0
1306,6507-ZJSUR,0.5816786965655076,1
1307,6313-GIDIT,0.18548358240512244,0
1308,9847-HNVGP,0.06128066550767185,0
1309,1193-RTSLK,0.3910238254598705,0
1310,4573-JKNAE,0.020205561327063193,0
1311,4589-IUAJB,0.0034750586662800824,0
1312,6035-BXTTY,0.13409894796267474,0
1313,1481-ZUWZA,0.4659071266240809,0
1314,1154-HYWWO,0.08631030046511382,0
1315,8512-WIWYV,0.025964348750616543,0
1316,5156-UMKOW,0.3399503431515452,0
1317,7346-MEDWM,0.3428819881032761,0
1318,8818-DOPVL,0.4373012951058168,0
1319,4324-AHJKS,0.2615671376029092,0
1320,2284-VFLKH,0.16116349851362174,0
1321,9909-DFRJA,0.3053771329550019,0
1322,1031-IIDEO,0.7552479777493272,1
1323,3703-TTEPD,0.1782685154741447,0
1324,5843-TTHGI,0.39959978950799546,0
1325,4130-MZLCC,0.2615671376029092,0
1326,0089-IIQKO,0.3274727144814749,0
1327,8250-ZNGGW,0.2615671376029092,0
1328,4999-IEZLT,0.0252447347797706,0
1329,3324-OIRTO,0.07967810803316899,0
1330,0697-ZMSWS,0.737859427344095,1
1331,4023-RTIQM,0.10802892452591357,0
1332,6629-CZTTH,0.5284176789506724,1
1333,7622-FWGEW,0.02599211150102178,0
1334,3648-GZPHF,0.13840046564915257,0
1335,0506-LVNGN,0.638347542532376,1
1336,4950-BDEUX,0.179301017443477,0
1337,0750-EBAIU,0.14485560347031787,0
1338,7096-ZNBZI,0.0032691581778797724,0
1339,3131-NWVFJ,0.052994912022776945,0
1340,8194-PEEBY,0.039561414444688296,0
1341,6339-TBELP,0.049865810802611765,0
1342,7322-OCWHC,0.04307003804490218,0
1343,2868-LLSKM,0.08668496223552456,0
1344,0743-HRVFF,0.08234899466012342,0
1345,0080-EMYVY,0.11303106574087933,0
1346,5396-IZEPB,0.10216314905614515,0
1347,3363-EWLGO,0.16592105950250474,0
1348,5578-NKCXI,0.06652077745423277,0
1349,5647-URDKA,0.0308950844768533,0
1350,8990-YOZLV,0.03038473859494148,0
1351,5394-MEITZ,0.020448415744816924,0
1352,4234-XTNEA,0.7495395153906804,1
1353,8191-XWSZG,0.021848176558323197,0
1354,9986-BONCE,0.11709792704095529,0
1355,8513-OLYGY,0.024270263744987936,0
1356,5681-LLOEI,0.16956231432849114,0
1357,0307-BCOPK,0.06306727731341681,0
1358,8807-ARQET,0.24751394458046308,0
1359,5781-BKHOP,0.024270263744987936,0
1360,4458-KVRBJ,0.008471248460009484,0
1361,2773-MADBQ,0.07931073810225427,0
1362,3058-HJCUY,0.25135164952723155,0
1363,6122-LJADA,0.01513318039717492,0
1364,8903-WMRNW,0.4954448934959352,0
1365,6075-SLNIL,0.3910238254598705,0
1366,1423-BMPBQ,0.24136719389355177,0
1367,9578-FOMUK,0.18981629230772196,0
1368,8766-PAFNE,0.016573022755438756,0
1369,2188-SXWVT,0.0964792444887236,0
1370,9424-CMPOG,0.029990694706045297,0
1371,5099-BAILX,0.3010697816245081,0
1372,4737-AQCPU,0.007923766528693851,0
1373,2842-BCQGE,0.35520799711370404,0
1374,2144-BFDSO,0.1784701758463141,0
1375,3030-YZADT,0.3264293040068398,0
1376,3646-ITDGM,0.0060197452047655205,0
1377,6952-OMNWB,0.18463053717075947,0
1378,5324-KTGCG,0.010913821607056774,0
1379,5117-IFGPS,0.536388572869897,1
1380,8224-UAXBZ,0.07569306369718481,0
1381,0195-IESCP,0.6743714619465119,1
1382,8058-INTPH,0.7552479777493272,1
1383,0907-HQNTS,0.04566785219921081,0
1384,9947-OTFQU,0.6677003752025552,1
1385,4817-KEQSP,0.0029816337116302526,0
1386,7989-VCQOH,0.22336754078040694,0
1387,6992-TKNYO,0.05124342795685599,0
1388,2393-DIVAI,0.2767782286761675,0
1389,7781-EWARA,0.02695940057247429,0
1390,3452-FLHYD,0.050202422138346685,0
1391,6806-YDEUL,0.11090903735223506,0
1392,1400-MMYXY,0.7196089831561845,1
1393,2805-AUFQN,0.015416990703399915,0
1394,0106-GHRQR,0.31391527286641474,0
1395,9885-CSMWE,0.6303618507052001,1
1396,5063-IUOKK,0.03379690503817426,0
1397,5502-RLUYV,0.2309616621328949,0
1398,9300-AGZNL,0.7552479777493272,1
1399,3445-HXXGF,0.14731285634115288,0
1400,2249-YPRNG,0.4656974136928136,0
1401,8749-CLJXC,0.18358499957289304,0
1402,2985-FMWYF,0.6112716546011756,1
1403,8847-GEOOQ,0.09507809171222545,0
1404,3669-OYSJI,0.2859229895687299,0
1405,4912-PIGUY,0.7552479777493272,1
1406,3063-QFSZL,0.5284176789506724,1
